model,accuracy,f1_macro,precision_macro,recall_macro
LogReg,0.5920968769917144,0.5793622069409257,0.6131924873749315,0.5973140502587084
LinearSVM,0.5882727852135118,0.5772815537219862,0.6060517691495861,0.5931374780886471
HGB,0.5583173996175909,0.5549737748463633,0.5575432072119935,0.5563597396980055
RF,0.5462077756532824,0.5428231873809103,0.5451707553463733,0.5442584937997782
