model,select_split,accuracy,f1_macro,precision_macro,recall_macro
HGB,val,0.6126126126126126,0.6114132708559954,0.6163607804232805,0.614301827205053
RF,val,0.5803303303303303,0.5737902540299107,0.5902615659879016,0.5836431310624859
LogReg,val,0.566066066066066,0.5620215719291859,0.5659099978654887,0.5640830137604331
LinearSVM,val,0.5623123123123123,0.5595755215378411,0.5618109196919439,0.5607421610647417
