model,accuracy,f1_macro,precision_macro,recall_macro
HGB,0.5583173996175909,0.5549737748463633,0.5575432072119935,0.5563597396980055
